날짜,서울시 일일 확진,서울시 일일 사망,전국 일일 확진,전국 일일 사망
2023-05-31,5987,6,24411,17
2023-05-30,3326,1,13529,7
2023-05-29,1393,1,6868,3
2023-05-28,1393,1,6868,3
2023-05-27,4078,0,17796,3
2023-05-26,4217,2,17933,15
2023-05-25,4435,2,19080,17
2023-05-24,5312,2,22961,17
2023-05-23,5362,1,21385,15
2023-05-22,1271,6,6798,12
2023-05-21,4196,1,16808,5
2023-05-20,4371,2,18106,5
2023-05-19,4634,2,19586,13
2023-05-18,5061,0,21797,18
2023-05-17,6050,4,26147,11
2023-05-16,6198,3,23680,13
2023-05-15,1429,2,7178,7
2023-05-14,4194,2,17403,6
2023-05-13,4574,2,19352,6
2023-05-12,5129,1,19989,8
2023-05-11,4856,3,20574,12
2023-05-10,5621,5,23521,23
2023-05-09,5745,5,21681,14
2023-05-08,1642,2,8164,7
2023-05-07,3763,2,14742,6
2023-05-06,2385,1,11801,3
2023-05-05,4650,1,18752,6
2023-05-04,4927,3,20146,7
2023-05-03,5137,1,20197,8
2023-05-02,3963,3,15741,10
2023-05-01,1112,2,5774,8
2023-04-30,3342,1,13614,5
2023-04-29,3663,0,14812,3
2023-04-28,3596,1,13791,11
2023-04-27,3724,3,14284,11
2023-04-26,4217,3,16383,15
2023-04-25,4147,0,14817,7
2023-04-24,1021,1,5027,8
2023-04-23,2963,0,11834,6
2023-04-22,3531,2,13765,5
2023-04-21,3482,0,13596,7
2023-04-20,3684,2,14094,9
2023-04-19,4253,1,16508,6
2023-04-18,4373,2,15173,10
2023-04-17,1057,1,4946,4
2023-04-16,2604,1,10188,4
2023-04-15,2921,0,11682,2
2023-04-14,3011,0,11651,5
2023-04-13,2817,2,11596,5
2023-04-12,3498,3,13926,14
2023-04-11,3488,4,12444,10
2023-04-10,828,1,4005,8
2023-04-09,2285,0,9553,2
2023-04-08,2589,0,10372,4
2023-04-07,2667,2,10735,9
2023-04-06,2887,3,12072,13
2023-04-05,3353,3,14465,7
2023-04-04,3588,3,13375,8
2023-04-03,842,1,4349,7
2023-04-02,2401,0,10523,5
2023-04-01,2523,1,10523,5
2023-03-31,2482,3,10368,10
2023-03-30,2735,2,11039,10
2023-03-29,2971,1,13134,14
2023-03-28,3116,0,12129,8
2023-03-27,773,1,4204,3
2023-03-26,,2,,3
2023-03-25,2268,1,10448,6
2023-03-24,2193,1,10283,10
2023-03-23,2467,2,11400,14
2023-03-22,2723,2,13081,9
2023-03-21,2842,1,12016,7
2023-03-20,689,1,3930,9
2023-03-19,1870,0,8807,3
2023-03-18,1927,1,9259,4
2023-03-17,1988,0,9065,7
2023-03-16,1979,1,9923,17
2023-03-15,2312,1,11899,10
2023-03-14,2398,0,11401,6
2023-03-13,690,1,4198,12
2023-03-12,1829,2,9342,7
2023-03-11,1978,0,10009,3
2023-03-10,2170,1,10335,12
2023-03-09,2131,0,10890,20
2023-03-08,2447,0,12798,12
2023-03-07,2748,3,12284,15
2023-03-06,734,2,4300,9
2023-03-05,2008,1,11246,0
2023-03-04,2214,1,11246,6
2023-03-03,2296,4,10408,11
2023-03-02,1200,2,7561,15
2023-03-01,2301,1,12291,11
2023-02-28,2326,3,10817,16
2023-02-27,623,1,4026,15
2023-02-26,1767,2,10055,11
2023-02-25,1922,3,10055,11
2023-02-24,1959,5,10051,20
2023-02-23,2116,1,10845,22
2023-02-22,2354,4,13082,14
2023-02-21,2503,1,11880,8
2023-02-20,704,1,4324,9
2023-02-19,1906,1,10274,12
2023-02-18,1980,3,10718,12
2023-02-17,2097,7,11436,28
2023-02-16,2282,1,12519,22
2023-02-15,2570,5,14957,24
2023-02-14,2703,4,14371,11
2023-02-13,746,2,5174,11
2023-02-12,2126,3,12051,23
2023-02-11,2292,2,12805,16
2023-02-10,2370,2,13504,17
2023-02-09,2460,8,14664,34
2023-02-08,2904,4,17934,22
2023-02-07,3046,2,16120,10
2023-02-06,815,3,5850,18
2023-02-05,2299,4,14018,22
2023-02-04,2440,1,14624,22
2023-02-03,2551,4,14961,30
2023-02-02,2884,4,16862,36
2023-02-01,3276,4,20420,42
2023-01-31,3696,3,19629,24
2023-01-30,922,4,7416,30
2023-01-29,2924,6,18871,29
2023-01-28,4065,6,23612,29
2023-01-27,5081,5,31711,36
2023-01-26,6815,3,35096,26
2023-01-25,3187,1,19538,25
2023-01-24,2127,1,12262,10
2023-01-23,1439,5,9227,26
2023-01-22,2315,2,16624,24
2023-01-21,5161,5,27569,51
2023-01-20,5016,4,27408,30
2023-01-19,5501,9,29816,47
2023-01-18,6637,9,36908,43
2023-01-17,8550,3,33014,30
2023-01-16,2139,4,14144,35
2023-01-15,5749,6,32570,37
2023-01-14,6649,7,36699,45
2023-01-13,7203,6,39726,51
2023-01-12,7948,11,43953,76
2023-01-11,9534,17,54343,76
2023-01-10,12140,11,60041,44
2023-01-09,2850,4,19106,35
2023-01-08,7824,5,46766,34
2023-01-07,9925,10,53807,60
2023-01-06,10411,9,56954,75
2023-01-05,11510,9,64106,66
2023-01-04,13915,14,78575,54
2023-01-03,16966,5,81056,29
2023-01-02,3304,10,22735,53
2023-01-01,9990,3,57527,63
2022-12-31,11601,5,63104,61
2022-12-30,11668,8,65207,68
2022-12-29,13396,13,71427,76
2022-12-28,15783,10,87517,69
2022-12-27,18725,3,87596,50
2022-12-26,3585,8,25478,42
2022-12-25,10508,5,58448,46
2022-12-24,12083,11,66211,70
2022-12-23,12414,8,68168,63
2022-12-22,13946,10,75744,62
2022-12-21,15564,10,88172,59
2022-12-20,18223,12,87559,56
2022-12-19,4191,9,26622,39
2022-12-18,10649,9,58862,42
2022-12-17,12404,9,66930,55
2022-12-16,12402,8,66953,66
2022-12-15,12830,9,70154,58
2022-12-14,15180,7,84571,46
2022-12-13,17696,3,86852,29
2022-12-12,3910,3,25667,30
2022-12-11,9603,3,54319,40
2022-12-10,11690,8,62738,54
2022-12-09,11853,10,62734,67
2022-12-08,11977,9,65253,61
2022-12-07,13747,7,74714,54
2022-12-06,16372,7,77604,24
2022-12-05,3921,11,23160,40
2022-12-04,8526,7,46564,60
2022-12-03,10369,11,52861,48
2022-12-02,10487,5,52987,53
2022-12-01,11034,17,57079,62
2022-11-30,12290,11,67415,52
2022-11-29,15501,4,71476,41
2022-11-28,3794,13,22327,44
2022-11-27,9160,9,47028,39
2022-11-26,10161,5,52788,52
2022-11-25,10684,9,53698,55
2022-11-24,11456,14,59089,59
2022-11-23,13499,8,70324,53
2022-11-22,15613,11,72873,45
2022-11-21,3826,3,23091,35
2022-11-20,8804,5,46011,41
2022-11-19,10124,10,50589,65
2022-11-18,9742,12,49418,63
2022-11-17,10846,14,55437,67
2022-11-16,12483,10,66587,47
2022-11-15,15539,4,72883,39
2022-11-14,3649,5,23765,44
2022-11-13,9263,5,48465,48
2022-11-12,10836,12,54328,46
2022-11-11,10903,0,54519,40
2022-11-10,11073,6,55365,52
2022-11-09,12481,8,62472,59
2022-11-08,14158,3,62273,30
2022-11-07,3320,0,18671,18
2022-11-06,7163,3,36675,18
2022-11-05,8104,2,40903,41
2022-11-04,8677,5,43449,35
2022-11-03,9547,5,46896,41
2022-11-02,10940,4,54766,30
2022-11-01,13017,5,58379,33
2022-10-31,3099,5,18510,18
2022-10-30,6708,1,34511,27
2022-10-29,7578,3,37321,31
2022-10-28,7480,4,35924,31
2022-10-27,6848,3,34987,26
2022-10-26,7906,5,40842,26
2022-10-25,10066,5,43759,17
2022-10-24,2438,1,14302,10
2022-10-23,5176,1,26256,16
2022-10-22,6016,3,26906,22
2022-10-21,5061,3,24751,30
2022-10-20,5416,2,25431,23
2022-10-19,5897,6,29503,43
2022-10-18,7531,1,33248,6
2022-10-17,1921,2,11040,11
2022-10-16,4191,4,21469,32
2022-10-15,4579,5,22844,25
2022-10-14,4834,9,23583,35
2022-10-13,5254,0,26957,25
2022-10-12,6802,4,30535,15
2022-10-11,3054,1,15476,10
2022-10-10,1494,4,8981,23
2022-10-09,3552,5,17654,29
2022-10-08,3963,6,19431,32
2022-10-07,4319,6,22298,41
2022-10-06,5520,10,28648,29
2022-10-05,7674,2,34739,16
2022-10-04,3086,2,16423,19
2022-10-03,2025,0,12150,20
2022-10-02,4797,9,23597,44
2022-10-01,5584,5,26960,39
2022-09-30,5794,5,28497,42
2022-09-29,6270,6,30881,46
2022-09-28,7122,8,36159,46
2022-09-27,8557,3,39425,26
2022-09-26,2335,4,14168,33
2022-09-25,4888,11,25792,73
2022-09-24,5651,11,29353,63
2022-09-23,5625,8,29108,68
2022-09-22,6154,13,33009,59
2022-09-21,7358,13,41286,59
2022-09-20,9735,4,47917,24
2022-09-19,3199,6,19407,39
2022-09-18,5970,6,34764,46
2022-09-17,7659,7,43457,57
2022-09-16,9225,6,51874,60
2022-09-15,11819,7,71471,72
2022-09-14,17384,10,93981,60
2022-09-13,9552,4,57309,35
2022-09-12,6289,2,36938,22
2022-09-11,4807,13,28214,47
2022-09-10,6081,7,42724,48
2022-09-09,12315,13,69410,68
2022-09-08,13066,6,72646,64
2022-09-07,14538,13,85540,56
2022-09-06,18779,4,99837,44
2022-09-05,5319,6,37548,56
2022-09-04,11939,13,72144,79
2022-09-03,13899,14,79746,74
2022-09-02,15564,12,89586,64
2022-09-01,13325,23,81573,112
2022-08-31,15911,10,103961,75
2022-08-30,20418,6,115638,71
2022-08-29,5756,10,43142,49
2022-08-28,13052,11,85295,70
2022-08-27,14599,12,95604,86
2022-08-26,15757,14,101140,81
2022-08-25,17722,10,113371,108
2022-08-24,20578,4,139339,63
2022-08-23,25679,11,150258,52
2022-08-22,7395,6,59046,65
2022-08-21,16743,5,110944,64
2022-08-20,19973,14,129411,84
2022-08-19,21033,14,138812,83
2022-08-18,28375,6,178574,61
2022-08-17,32523,7,180803,42
2022-08-16,13060,6,84128,37
2022-08-15,8246,5,62078,50
2022-08-14,19596,10,119603,57
2022-08-13,21859,9,124592,67
2022-08-12,22835,17,128714,58
2022-08-11,24516,11,137241,59
2022-08-10,26068,10,151792,50
2022-08-09,29489,8,149897,40
2022-08-08,7867,7,55292,29
2022-08-07,18366,2,105507,27
2022-08-06,20160,9,110666,45
2022-08-05,20817,9,112901,47
2022-08-04,20239,6,107894,34
2022-08-03,23023,5,119922,26
2022-08-02,24615,4,111789,16
2022-08-01,7340,1,44689,21
2022-07-31,14149,5,73589,20
2022-07-30,16588,6,82002,35
2022-07-29,17517,4,85320,35
2022-07-28,18169,5,88384,25
2022-07-27,20083,5,100285,25
2022-07-26,23107,1,99327,17
2022-07-25,5967,5,35883,17
2022-07-24,13809,3,65433,18
2022-07-23,14830,4,68551,30
2022-07-22,15379,4,68632,31
2022-07-21,16670,4,71170,17
2022-07-20,17199,2,76402,12
2022-07-19,18038,0,73582,12
2022-07-18,4896,3,26299,11
2022-07-17,8565,2,40342,14
2022-07-16,9457,2,41310,16
2022-07-15,8951,2,38882,16
2022-07-14,9655,3,39196,16
2022-07-13,9363,2,40266,12
2022-07-12,9412,0,37360,7
2022-07-11,2622,2,12693,18
2022-07-10,5244,0,20410,19
2022-07-09,4900,2,20286,19
2022-07-08,4605,2,19323,12
2022-07-07,4580,1,18511,10
2022-07-06,4770,2,19371,7
2022-07-05,4779,1,18147,2
2022-07-04,1161,1,6253,4
2022-07-03,2440,2,10059,8
2022-07-02,2778,3,10715,7
2022-07-01,2340,2,9528,8
2022-06-30,2282,1,9595,10
2022-06-29,2479,2,10463,7
2022-06-28,2472,0,9896,5
2022-06-27,600,0,3429,3
2022-06-26,1310,1,6246,6
2022-06-25,1552,3,6790,18
2022-06-24,1605,1,7227,10
2022-06-23,1580,3,7497,14
2022-06-22,1778,3,8992,11
2022-06-21,2043,7,9310,12
2022-06-20,719,3,3538,10
2022-06-19,1108,1,6071,14
2022-06-18,1245,1,6842,11
2022-06-17,1280,1,7198,9
2022-06-16,1549,4,7994,8
2022-06-15,1690,3,9435,9
2022-06-14,1764,0,9778,2
2022-06-13,663,2,3828,17
2022-06-12,1160,1,7382,20
2022-06-11,1382,3,8378,10
2022-06-10,1537,2,9315,18
2022-06-09,2009,2,12161,18
2022-06-08,2628,0,13358,6
2022-06-07,952,5,6172,20
2022-06-06,738,2,5022,21
2022-06-05,1719,3,9835,20
2022-06-04,2254,2,12048,9
2022-06-03,2442,3,12542,17
2022-06-02,1823,1,9898,15
2022-06-01,2926,4,15797,21
2022-05-31,3340,1,17191,9
2022-05-30,1120,4,6139,9
2022-05-29,2018,2,12654,19
2022-05-28,2278,2,14398,36
2022-05-27,3032,7,16584,40
2022-05-26,2788,3,18816,34
2022-05-25,3586,4,23956,23
2022-05-24,4272,1,26344,19
2022-05-23,1213,4,9975,22
2022-05-22,2903,9,12928,54
2022-05-21,3589,3,23462,26
2022-05-20,4110,8,25125,43
2022-05-19,4557,7,28130,40
2022-05-18,5043,5,31352,31
2022-05-17,5889,3,35117,27
2022-05-16,1684,5,13296,35
2022-05-15,4025,12,25434,48
2022-05-14,4764,17,29581,55
2022-05-13,5178,14,32451,52
2022-05-12,5695,6,35906,63
2022-05-11,6208,4,43925,29
2022-05-10,8142,13,49933,62
2022-05-09,2715,2,20601,40
2022-05-08,5979,13,40064,71
2022-05-07,6641,26,39600,83
2022-05-06,3596,7,26714,48
2022-05-05,6645,17,42296,79
2022-05-04,7436,12,49064,72
2022-05-03,8709,3,51131,49
2022-05-02,2653,9,20084,83
2022-05-01,5462,16,37771,81
2022-04-30,6455,12,43286,70
2022-04-29,7726,21,50568,136
2022-04-28,9109,19,57464,122
2022-04-27,11517,14,76787,141
2022-04-26,13560,16,80361,82
2022-04-25,4763,16,34370,110
2022-04-24,10377,18,64725,109
2022-04-23,12352,16,75449,151
2022-04-22,13191,32,81058,206
2022-04-21,15192,24,90867,147
2022-04-20,18322,26,111319,166
2022-04-19,21819,19,118504,130
2022-04-18,7345,20,47743,132
2022-04-17,14805,22,93001,203
2022-04-16,18118,37,107916,273
2022-04-15,21450,40,125846,264
2022-04-14,24976,54,148443,318
2022-04-13,33076,24,195419,184
2022-04-12,39518,36,210755,171
2022-04-11,14247,46,90928,258
2022-04-10,28901,68,164481,329
2022-04-09,32320,58,185566,338
2022-04-08,36212,64,205333,373
2022-04-07,39888,45,224820,348
2022-04-06,52430,64,286294,371
2022-04-05,51500,29,266135,209
2022-04-04,20894,29,127190,218
2022-04-03,42109,47,234301,306
2022-04-02,48673,58,264103,339
2022-04-01,51717,45,280273,360
2022-03-31,60131,49,320743,375
2022-03-30,81824,61,424641,432
2022-03-29,66079,42,347554,237
2022-03-28,34190,40,187213,287
2022-03-27,59151,29,318130,282
2022-03-26,64026,36,335531,323
2022-03-25,66943,59,339514,393
2022-03-24,77770,61,395598,470
2022-03-23,101133,43,490881,291
2022-03-22,65033,46,353980,384
2022-03-21,41078,39,209169,329
2022-03-20,65870,44,334708,327
2022-03-19,82132,47,381454,319
2022-03-18,81997,41,407017,301
2022-03-17,128375,67,621266,429
2022-03-16,81395,26,400741,164
2022-03-15,66067,42,362338,0
2022-03-14,56807,24,309790,0
2022-03-13,67814,29,350190,0
2022-03-12,80437,46,383665,0
2022-03-11,56603,32,282987,0
2022-03-10,66859,31,327549,0
2022-03-09,74222,23,342446,0
2022-03-08,37484,25,202721,0
2022-03-07,39558,23,210716,0
2022-03-06,49450,26,243628,0
2022-03-05,53193,31,254327,0
2022-03-04,59269,34,266853,0
2022-03-03,43675,18,198803,0
2022-03-02,46933,18,219241,0
2022-03-01,27885,26,138993,0
2022-02-28,27973,36,139626,0
2022-02-27,35351,0,163566,0
2022-02-26,36829,0,166209,0
2022-02-25,35614,0,165890,0
2022-02-24,37172,0,170016,0
2022-02-23,41467,0,171452,0
2022-02-22,21807,0,99573,0
2022-02-21,20018,0,95362,0
2022-02-20,22102,0,104829,0
2022-02-19,23193,0,102211,0
2022-02-18,25651,0,109831,0
2022-02-17,19689,0,93135,0
2022-02-16,18879,0,90443,0
2022-02-15,12453,0,57177,0
2022-02-14,11599,0,54619,0
2022-02-13,11824,0,56431,0
2022-02-12,13198,0,54941,0
2022-02-11,11531,0,53926,0
2022-02-10,11875,0,54122,0
2022-02-09,11682,0,49567,0
2022-02-08,5910,0,36719,0
2022-02-07,6888,0,35286,0
2022-02-06,7821,0,38691,0
2022-02-05,8598,0,36362,0
2022-02-04,6160,0,27443,0
2022-02-03,5218,0,22907,0
2022-02-02,4209,0,20270,0
2022-02-01,4131,0,18343,0
2022-01-31,4193,0,17085,0
2022-01-30,4185,0,17532,0
2022-01-29,4199,0,17542,0
2022-01-28,3991,0,16096,0
2022-01-27,3429,0,14518,0
2022-01-26,3178,0,13012,0
2022-01-25,1724,0,8571,0
2022-01-24,1679,0,7513,0
2022-01-23,1694,0,7630,0
2022-01-22,1591,0,7009,0
2022-01-21,1552,0,6769,0
2022-01-20,1362,0,6603,0
2022-01-19,1231,0,5805,0
2022-01-18,763,0,4072,0
2022-01-17,790,0,3859,0
2022-01-16,925,0,4194,0
2022-01-15,912,0,4423,0
2022-01-14,939,0,4542,0
2022-01-13,978,0,4167,0
2022-01-12,1093,0,4388,0
2022-01-11,755,0,3097,0
2022-01-10,781,0,3007,0
2022-01-09,966,0,3376,0
2022-01-08,994,0,3510,0
2022-01-07,1038,0,3717,0
2022-01-06,1208,0,4126,0
2022-01-05,1412,0,4444,0
2022-01-04,938,0,3024,0
2022-01-03,993,0,3129,0
2022-01-02,1183,0,3833,0
2022-01-01,1464,0,4416,0
2021-12-31,1670,0,4875,0
2021-12-30,1722,0,5037,0
2021-12-29,1915,0,5409,0
2021-12-28,1290,0,3865,0
2021-12-27,1496,0,4207,0
2021-12-26,1917,0,5419,0
2021-12-25,2123,0,5842,0
2021-12-24,2346,0,6233,0
2021-12-23,2720,0,6919,0
2021-12-22,2805,0,7456,0
2021-12-21,1994,0,5202,0
2021-12-20,1908,0,5318,0
2021-12-19,2320,0,6236,0
2021-12-18,2794,0,7314,0
2021-12-17,2846,0,7435,0
2021-12-16,3057,0,7622,0
2021-12-15,3166,0,7850,0
2021-12-14,2062,0,5567,0
2021-12-13,2550,0,5817,0
2021-12-12,2528,0,6689,0
2021-12-11,2835,0,6977,0
2021-12-10,2800,0,7022,0
2021-12-09,2790,0,7102,0
2021-12-08,2901,0,7175,0
2021-12-07,2120,0,4954,0
2021-12-06,1408,0,4325,0
2021-12-05,2032,0,5128,0
2021-12-04,2273,0,5352,0
2021-12-03,2099,0,4944,0
2021-12-02,2268,0,5266,0
2021-12-01,2222,0,5123,0
2021-11-30,1186,0,3032,0
2021-11-29,1393,0,3309,0
2021-11-28,1676,0,3928,0
2021-11-27,1888,0,4068,0
2021-11-26,1742,0,3901,0
2021-11-25,1760,0,3938,0
2021-11-24,1735,0,4116,0
2021-11-23,1165,0,2699,0
2021-11-22,1278,0,2827,0
2021-11-21,1320,0,3120,0
2021-11-20,1377,0,3212,0
2021-11-19,1401,0,3034,0
2021-11-18,1429,0,3292,0
2021-11-17,1436,0,3187,0
2021-11-16,846,0,2125,0
2021-11-15,859,0,2006,0
2021-11-14,978,0,2419,0
2021-11-13,1005,0,2325,0
2021-11-12,949,0,2368,0
2021-11-11,1004,0,2520,0
2021-11-10,973,0,2425,0
2021-11-09,662,0,1715,0
2021-11-08,709,0,1760,0
2021-11-07,848,0,2224,0
2021-11-06,916,0,2248,0
2021-11-05,980,0,2344,0
2021-11-04,946,0,2482,0
2021-11-03,1004,0,2667,0
2021-11-02,600,0,1589,0
2021-11-01,646,0,1686,0
2021-10-31,760,0,2061,0
2021-10-30,706,0,2104,0
2021-10-29,770,0,2124,0
2021-10-28,788,0,2111,0
2021-10-27,729,0,1952,0
2021-10-26,427,0,1266,0
2021-10-25,455,0,1190,0
2021-10-24,520,0,1423,0
2021-10-23,551,0,1508,0
2021-10-22,519,0,1440,0
2021-10-21,506,0,1441,0
2021-10-20,504,0,1571,0
2021-10-19,298,0,1073,0
2021-10-18,355,0,1050,0
2021-10-17,506,0,1420,0
2021-10-16,586,0,1618,0
2021-10-15,681,0,1684,0
2021-10-14,748,0,1940,0
2021-10-13,583,0,1584,0
2021-10-12,482,0,1347,0
2021-10-11,511,0,1297,0
2021-10-10,583,0,1594,0
2021-10-09,712,0,1953,0
2021-10-08,776,0,2176,0
2021-10-07,837,0,2427,0
2021-10-06,690,0,2028,0
2021-10-05,521,0,1575,0
2021-10-04,574,0,1673,0
2021-10-03,736,0,2085,0
2021-10-02,793,0,2248,0
2021-10-01,916,0,2486,0
2021-09-30,945,0,2564,0
2021-09-29,1054,0,2885,0
2021-09-28,842,0,2289,0
2021-09-27,778,0,2383,0
2021-09-26,928,0,2771,0
2021-09-25,1222,0,3273,0
2021-09-24,907,0,2434,0
2021-09-23,645,0,1716,0
2021-09-22,644,0,1720,0
2021-09-21,676,0,1729,0
2021-09-20,583,0,1605,0
2021-09-19,742,0,1910,0
2021-09-18,703,0,2087,0
2021-09-17,746,0,2008,0
2021-09-16,719,0,1943,0
2021-09-15,808,0,2080,0
2021-09-14,539,0,1497,0
2021-09-13,556,0,1433,0
2021-09-12,658,0,1755,0
2021-09-11,659,0,1865,0
2021-09-10,670,0,1892,0
2021-09-09,667,0,2049,0
2021-09-08,671,0,2050,0
2021-09-07,482,0,1597,0
2021-09-06,464,0,1375,0
2021-09-05,508,0,1490,0
2021-09-04,566,0,1804,0
2021-09-03,542,0,1709,0
2021-09-02,559,0,1961,0
2021-09-01,665,0,2025,0
2021-08-31,456,0,1372,0
2021-08-30,444,0,1487,0
2021-08-29,517,0,1619,0
2021-08-28,569,0,1793,0
2021-08-27,557,0,1841,0
2021-08-26,570,0,1882,0
2021-08-25,677,0,2155,0
2021-08-24,438,0,1509,0
2021-08-23,388,0,1418,0
2021-08-22,499,0,1628,0
2021-08-21,526,0,1880,0
2021-08-20,556,0,2052,0
2021-08-19,575,0,2152,0
2021-08-18,510,0,1805,0
2021-08-17,366,0,1373,0
2021-08-16,364,0,1556,0
2021-08-15,488,0,1817,0
2021-08-14,515,0,1930,0
2021-08-13,524,0,1990,0
2021-08-12,526,0,1987,0
2021-08-11,661,0,2223,0
2021-08-10,360,0,1540,0
2021-08-09,415,0,1492,0
2021-08-08,450,0,1729,0
2021-08-07,503,0,1823,0
2021-08-06,464,0,1704,0
2021-08-05,466,0,1776,0
2021-08-04,486,0,1725,0
2021-08-03,311,0,1202,0
2021-08-02,365,0,1219,0
2021-08-01,473,0,1442,0
2021-07-31,476,0,1539,0
2021-07-30,488,0,1710,0
2021-07-29,515,0,1674,0
2021-07-28,573,0,1896,0
2021-07-27,351,0,1365,0
2021-07-26,341,0,1318,0
2021-07-25,489,0,1487,0
2021-07-24,465,0,1629,0
2021-07-23,520,0,1630,0
2021-07-22,499,0,1842,0
2021-07-21,604,0,1784,0
2021-07-20,394,0,1278,0
2021-07-19,419,0,1252,0
2021-07-18,523,0,1454,0
2021-07-17,562,0,1455,0
2021-07-16,570,0,1536,0
2021-07-15,520,0,1600,0
2021-07-14,638,0,1615,0
2021-07-13,417,0,1150,0
2021-07-12,403,0,1100,0
2021-07-11,509,0,1324,0
2021-07-10,509,0,1378,0
2021-07-09,503,0,1316,0
2021-07-08,550,0,1275,0
2021-07-07,583,0,1212,0
2021-07-06,320,0,746,0
2021-07-05,307,0,711,0
2021-07-04,289,0,743,0
2021-07-03,359,0,794,0
2021-07-02,347,0,826,0
2021-07-01,334,0,762,0
2021-06-30,375,0,794,0
2021-06-29,205,0,595,0
2021-06-28,185,0,501,0
2021-06-27,242,0,614,0
2021-06-26,263,0,668,0
2021-06-25,269,0,634,0
2021-06-24,252,0,610,0
2021-06-23,236,0,645,0
2021-06-22,132,0,395,0
2021-06-21,134,0,357,0
2021-06-20,165,0,429,0
2021-06-19,197,0,482,0
2021-06-18,200,0,507,0
2021-06-17,201,0,540,0
2021-06-16,201,0,545,0
2021-06-15,132,0,374,0
2021-06-14,122,0,399,0
2021-06-13,176,0,452,0
2021-06-12,208,0,565,0
2021-06-11,204,0,556,0
2021-06-10,213,0,611,0
2021-06-09,183,0,602,0
2021-06-08,139,0,454,0
2021-06-07,159,0,485,0
2021-06-06,179,0,556,0
2021-06-05,277,0,744,0
2021-06-04,206,0,695,0
2021-06-03,215,0,681,0
2021-06-02,258,0,677,0
2021-06-01,147,0,459,0
2021-05-31,130,0,430,0
2021-05-30,160,0,480,0
2021-05-29,194,0,533,0
2021-05-28,214,0,587,0
2021-05-27,218,0,629,0
2021-05-26,262,0,707,0
2021-05-25,138,0,516,0
2021-05-24,139,0,538,0
2021-05-23,181,0,585,0
2021-05-22,208,0,666,0
2021-05-21,172,0,561,0
2021-05-20,242,0,646,0
2021-05-19,249,0,654,0
2021-05-18,172,0,528,0
2021-05-17,195,0,619,0
2021-05-16,213,0,610,0
2021-05-15,254,0,681,0
2021-05-14,231,0,747,0
2021-05-13,227,0,715,0
2021-05-12,223,0,635,0
2021-05-11,163,0,511,0
2021-05-10,141,0,463,0
2021-05-09,195,0,564,0
2021-05-08,242,0,701,0
2021-05-07,179,0,525,0
2021-05-06,212,0,574,0
2021-05-05,238,0,676,0
2021-05-04,184,0,541,0
2021-05-03,127,0,488,0
2021-05-02,182,0,606,0
2021-05-01,195,0,627,0
2021-04-30,227,0,661,0
2021-04-29,227,0,680,0
2021-04-28,259,0,775,0
2021-04-27,116,0,512,0
2021-04-26,154,0,500,0
2021-04-25,175,0,644,0
2021-04-24,253,0,785,0
2021-04-23,204,0,797,0
2021-04-22,230,0,735,0
2021-04-21,218,0,731,0
2021-04-20,148,0,549,0
2021-04-19,137,0,532,0
2021-04-18,205,0,672,0
2021-04-17,217,0,658,0
2021-04-16,216,0,673,0
2021-04-15,217,0,698,0
2021-04-14,247,0,731,0
2021-04-13,158,0,542,0
2021-04-12,162,0,587,0
2021-04-11,214,0,614,0
2021-04-10,201,0,677,0
2021-04-09,215,0,671,0
2021-04-08,244,0,700,0
2021-04-07,198,0,668,0
2021-04-06,147,0,478,0
2021-04-05,152,0,473,0
2021-04-04,149,0,543,0
2021-04-03,155,0,543,0
2021-04-02,167,0,558,0
2021-04-01,199,0,551,0
2021-03-31,158,0,506,0
2021-03-30,145,0,447,0
2021-03-29,107,0,384,0
2021-03-28,138,0,482,0
2021-03-27,127,0,505,0
2021-03-26,122,0,494,0
2021-03-25,127,0,430,0
2021-03-24,137,0,428,0
2021-03-23,97,0,346,0
2021-03-22,109,0,415,0
2021-03-21,125,0,456,0
2021-03-20,120,0,452,0
2021-03-19,146,0,463,0
2021-03-18,124,0,445,0
2021-03-17,120,0,469,0
2021-03-16,79,0,363,0
2021-03-15,112,0,382,0
2021-03-14,112,0,459,0
2021-03-13,140,0,490,0
2021-03-12,140,0,488,0
2021-03-11,138,0,465,0
2021-03-10,138,0,470,0
2021-03-09,102,0,446,0
2021-03-08,100,0,346,0
2021-03-07,132,0,416,0
2021-03-06,128,0,418,0
2021-03-05,129,0,398,0
2021-03-04,118,0,424,0
2021-03-03,119,0,444,0
2021-03-02,122,0,344,0
2021-03-01,92,0,355,0
2021-02-28,120,0,356,0
2021-02-27,131,0,415,0
2021-02-26,132,0,406,0
2021-02-25,122,0,396,0
2021-02-24,144,0,440,0
2021-02-23,126,0,357,0
2021-02-22,106,0,332,0
2021-02-21,130,0,416,0
2021-02-20,123,0,446,0
2021-02-19,180,0,561,0
2021-02-18,185,0,621,0
2021-02-17,258,0,621,0
2021-02-16,161,0,457,0
2021-02-15,151,0,344,0
2021-02-14,152,0,326,0
2021-02-13,136,0,362,0
2021-02-12,158,0,403,0
2021-02-11,183,0,504,0
2021-02-10,175,0,444,0
2021-02-09,90,0,303,0
2021-02-08,112,0,289,0
2021-02-07,144,0,372,0
2021-02-06,143,0,393,0
2021-02-05,126,0,370,0
2021-02-04,172,0,451,0
2021-02-03,188,0,467,0
2021-02-02,128,0,336,0
2021-02-01,107,0,305,0
2021-01-31,101,0,355,0
2021-01-30,154,0,458,0
2021-01-29,112,0,469,0
2021-01-28,105,0,497,0
2021-01-27,129,0,559,0
2021-01-26,104,0,354,0
2021-01-25,102,0,437,0
2021-01-24,133,0,392,0
2021-01-23,127,0,431,0
2021-01-22,115,0,346,0
2021-01-21,125,0,401,0
2021-01-20,143,0,404,0
2021-01-19,101,0,386,0
2021-01-18,132,0,389,0
2021-01-17,145,0,520,0
2021-01-16,156,0,580,0
2021-01-15,127,0,513,0
2021-01-14,134,0,524,0
2021-01-13,152,0,562,0
2021-01-12,167,0,537,0
2021-01-11,141,0,451,0
2021-01-10,187,0,665,0
2021-01-09,188,0,641,0
2021-01-08,191,0,674,0
2021-01-07,298,0,870,0
2021-01-06,264,0,840,0
2021-01-05,199,0,715,0
2021-01-04,329,0,1020,0
2021-01-03,197,0,657,0
2021-01-02,251,0,824,0
2021-01-01,359,0,1029,0
2020-12-31,366,0,967,0
2020-12-30,387,0,1050,0
2020-12-29,523,0,1046,0
2020-12-28,301,0,808,0
2020-12-27,362,0,970,0
2020-12-26,466,0,1132,0
2020-12-25,552,0,1216,0
2020-12-24,319,0,985,0
2020-12-23,376,0,1092,0
2020-12-22,317,0,869,0
2020-12-21,328,0,926,0
2020-12-20,473,0,1097,0
2020-12-19,384,0,1053,0
2020-12-18,398,0,1062,0
2020-12-17,423,0,1014,0
2020-12-16,378,0,1078,0
2020-12-15,251,0,880,0
2020-12-14,219,0,718,0
2020-12-13,399,0,1030,0
2020-12-12,362,0,950,0
2020-12-11,252,0,689,0
2020-12-10,251,0,682,0
2020-12-09,270,0,686,0
2020-12-08,214,0,594,0
2020-12-07,244,0,615,0
2020-12-06,254,0,631,0
2020-12-05,235,0,583,0
2020-12-04,295,0,629,0
2020-12-03,262,0,540,0
2020-12-02,193,0,511,0
2020-12-01,155,0,451,0
2020-11-30,159,0,438,0
2020-11-29,158,0,450,0
2020-11-28,178,0,504,0
2020-11-27,204,0,569,0
2020-11-26,213,0,583,0
2020-11-25,142,0,382,0
2020-11-24,133,0,349,0
2020-11-23,112,0,271,0
2020-11-22,121,0,330,0
2020-11-21,156,0,386,0
2020-11-20,132,0,363,0
2020-11-19,109,0,343,0
2020-11-18,92,0,313,0
2020-11-17,90,0,230,0
2020-11-16,81,0,223,0
2020-11-15,85,0,208,0
2020-11-14,69,0,205,0
2020-11-13,74,0,191,0
2020-11-12,53,0,143,0
2020-11-11,45,0,146,0
2020-11-10,35,0,100,0
2020-11-09,46,0,126,0
2020-11-08,54,0,143,0
2020-11-07,37,0,89,0
2020-11-06,40,0,145,0
2020-11-05,50,0,125,0
2020-11-04,42,0,118,0
2020-11-03,22,0,75,0
2020-11-02,25,0,97,0
2020-11-01,45,0,124,0
2020-10-31,52,0,127,0
2020-10-30,48,0,114,0
2020-10-29,36,0,125,0
2020-10-28,25,0,103,0
2020-10-27,24,0,88,0
2020-10-26,20,0,119,0
2020-10-25,17,0,61,0
2020-10-24,22,0,77,0
2020-10-23,20,0,155,0
2020-10-22,18,0,121,0
2020-10-21,17,0,91,0
2020-10-20,11,0,58,0
2020-10-19,14,0,76,0
2020-10-18,20,0,91,0
2020-10-17,18,0,73,0
2020-10-16,18,0,47,0
2020-10-15,25,0,110,0
2020-10-14,23,0,84,0
2020-10-13,20,0,102,0
2020-10-12,31,0,97,0
2020-10-11,23,0,58,0
2020-10-10,25,0,72,0
2020-10-09,22,0,54,0
2020-10-08,20,0,69,0
2020-10-07,33,0,114,0
2020-10-06,15,0,75,0
2020-10-05,19,0,73,0
2020-10-04,16,0,64,0
2020-10-03,26,0,75,0
2020-10-02,11,0,63,0
2020-10-01,30,0,77,0
2020-09-30,51,0,113,0
2020-09-29,11,0,38,0
2020-09-28,19,0,50,0
2020-09-27,34,0,95,0
2020-09-26,26,0,61,0
2020-09-25,57,0,114,0
2020-09-24,39,0,125,0
2020-09-23,40,0,110,0
2020-09-22,21,0,61,0
2020-09-21,23,0,70,0
2020-09-20,28,0,82,0
2020-09-19,40,0,110,0
2020-09-18,46,0,126,0
2020-09-17,63,0,153,0
2020-09-16,51,0,113,0
2020-09-15,32,0,106,0
2020-09-14,41,0,109,0
2020-09-13,31,0,121,0
2020-09-12,50,0,136,0
2020-09-11,63,0,176,0
2020-09-10,48,0,155,0
2020-09-09,49,0,156,0
2020-09-08,67,0,136,0
2020-09-07,48,0,119,0
2020-09-06,63,0,167,0
2020-09-05,51,0,168,0
2020-09-04,68,0,198,0
2020-09-03,69,0,195,0
2020-09-02,101,0,267,0
2020-09-01,94,0,235,0
2020-08-31,94,0,248,0
2020-08-30,116,0,299,0
2020-08-29,125,0,323,0
2020-08-28,146,0,371,0
2020-08-27,154,0,441,0
2020-08-26,112,0,320,0
2020-08-25,134,0,280,0
2020-08-24,97,0,266,0
2020-08-23,140,0,397,0
2020-08-22,128,0,332,0
2020-08-21,126,0,324,0
2020-08-20,135,0,288,0
2020-08-19,151,0,297,0
2020-08-18,132,0,246,0
2020-08-17,90,0,197,0
2020-08-16,146,0,279,0
2020-08-15,74,0,166,0
2020-08-14,32,0,103,0
2020-08-13,26,0,56,0
2020-08-12,15,0,54,0
2020-08-11,6,0,34,0
2020-08-10,13,0,28,0
2020-08-09,13,0,36,0
2020-08-08,17,0,43,0
2020-08-07,9,0,20,0
2020-08-06,9,0,43,0
2020-08-05,6,0,33,0
2020-08-04,9,0,34,0
2020-08-03,5,0,23,0
2020-08-02,5,0,30,0
2020-08-01,2,0,31,0
2020-07-31,8,0,36,0
2020-07-30,3,0,18,0
2020-07-29,9,0,48,0
2020-07-28,6,0,28,0
2020-07-27,9,0,25,0
2020-07-26,7,0,58,0
2020-07-25,11,0,113,0
2020-07-24,21,0,41,0
2020-07-23,12,0,59,0
2020-07-22,16,0,63,0
2020-07-21,21,0,45,0
2020-07-20,3,0,26,0
2020-07-19,10,0,34,0
2020-07-18,6,0,60,0
2020-07-17,9,0,60,0
2020-07-16,7,0,61,0
2020-07-15,6,0,39,0
2020-07-14,7,0,33,0
2020-07-13,13,0,62,0
2020-07-12,7,0,44,0
2020-07-11,8,0,35,0
2020-07-10,8,0,45,0
2020-07-09,8,0,50,0
2020-07-08,10,0,63,0
2020-07-07,3,0,44,0
2020-07-06,3,0,48,0
2020-07-05,16,0,61,0
2020-07-04,7,0,63,0
2020-07-03,12,0,63,0
2020-07-02,13,0,54,0
2020-07-01,9,0,51,0
2020-06-30,7,0,43,0
2020-06-29,7,0,42,0
2020-06-28,14,0,63,0
2020-06-27,17,0,51,0
2020-06-26,17,0,39,0
2020-06-25,9,0,28,0
2020-06-24,11,0,51,0
2020-06-23,6,0,46,0
2020-06-22,5,0,17,0
2020-06-21,17,0,48,0
2020-06-20,14,0,67,0
2020-06-19,18,0,49,0
2020-06-18,25,0,59,0
2020-06-17,13,0,43,0
2020-06-16,12,0,34,0
2020-06-15,7,0,37,0
2020-06-14,12,0,34,0
2020-06-13,29,0,49,0
2020-06-12,24,0,56,0
2020-06-11,19,0,45,0
2020-06-10,10,0,50,0
2020-06-09,22,0,38,0
2020-06-08,18,0,38,0
2020-06-07,27,0,57,0
2020-06-06,23,0,51,0
2020-06-05,13,0,39,0
2020-06-04,20,0,39,0
2020-06-03,18,0,49,0
2020-06-02,15,0,38,0
2020-06-01,2,0,35,0
2020-05-31,6,0,27,0
2020-05-30,9,0,39,0
2020-05-29,18,0,58,0
2020-05-28,21,0,79,0
2020-05-27,15,0,40,0
2020-05-26,16,0,19,0
2020-05-25,8,0,16,0
2020-05-24,6,0,25,0
2020-05-23,3,0,23,0
2020-05-22,3,0,20,0
2020-05-21,3,0,12,0
2020-05-20,3,0,32,0
2020-05-19,14,0,13,0
2020-05-18,1,0,15,0
2020-05-17,4,0,19,0
2020-05-16,6,0,19,0
2020-05-15,11,0,27,0
2020-05-14,6,0,29,0
2020-05-13,5,0,26,0
2020-05-12,13,0,27,0
2020-05-11,21,0,35,0
2020-05-10,11,0,34,0
2020-05-09,10,0,18,0
2020-05-08,11,0,12,0
2020-05-07,0,0,4,0
2020-05-06,0,0,2,0
2020-05-05,0,0,3,0
2020-05-04,0,0,8,0
2020-05-03,2,0,13,0
2020-05-02,1,0,6,0
2020-05-01,1,0,9,0
2020-04-30,0,0,4,0
2020-04-29,0,0,9,0
2020-04-28,4,0,14,0
2020-04-27,0,0,10,0
2020-04-26,0,0,10,0
2020-04-25,1,0,10,0
2020-04-24,0,0,6,0
2020-04-23,0,0,8,0
2020-04-22,2,0,11,0
2020-04-21,0,0,0,0
2020-04-20,0,0,0,0
2020-04-19,0,0,0,0
2020-04-18,0,0,0,0
2020-04-17,0,0,0,0
2020-04-16,0,0,0,0
2020-04-15,0,0,0,0
2020-04-14,0,0,0,0
2020-04-13,0,0,0,0
2020-04-12,0,0,0,0
2020-04-11,0,0,0,0
2020-04-10,0,0,0,0
2020-04-09,0,0,0,0
2020-04-08,0,0,0,0
2020-04-07,0,0,0,0
2020-04-06,0,0,0,0
2020-04-05,0,0,0,0
2020-04-04,0,0,0,0
2020-04-03,0,0,0,0
2020-04-02,0,0,0,0
2020-04-01,0,0,0,0
2020-03-31,0,0,0,0
2020-03-30,0,0,0,0
2020-03-29,0,0,0,0
2020-03-28,0,0,0,0
2020-03-27,0,0,0,0
2020-03-26,0,0,0,0
2020-03-25,0,0,0,0
2020-03-24,0,0,0,0
2020-03-23,0,0,0,0
2020-03-22,0,0,0,0
2020-03-21,0,0,0,0
2020-03-20,0,0,0,0
2020-03-19,0,0,0,0
2020-03-18,0,0,0,0
2020-03-17,0,0,0,0
2020-03-16,0,0,0,0
2020-03-15,0,0,0,0
2020-03-14,0,0,0,0
2020-03-13,0,0,0,0
2020-03-12,0,0,0,0
2020-03-11,0,0,0,0
2020-03-10,0,0,0,0
2020-03-09,0,0,0,0
2020-03-08,0,0,0,0
2020-03-07,0,0,0,0
2020-03-06,0,0,0,0
2020-03-05,0,0,0,0
2020-03-04,0,0,0,0
2020-03-03,0,0,0,0
2020-03-02,0,0,0,0
2020-03-01,0,0,0,0
2020-02-29,0,0,0,0
2020-02-28,0,0,0,0
2020-02-27,0,0,0,0
2020-02-26,0,0,0,0
2020-02-25,0,0,0,0
2020-02-24,0,0,0,0
2020-02-23,0,0,0,0
2020-02-22,0,0,0,0
2020-02-21,0,0,0,0
2020-02-20,0,0,0,0
2020-02-19,0,0,0,0
2020-02-18,0,0,0,0
2020-02-17,0,0,0,0
2020-02-16,0,0,0,0
2020-02-15,0,0,0,0
2020-02-14,0,0,0,0
2020-02-13,0,0,0,0
2020-02-12,0,0,0,0
2020-02-11,0,0,0,0
2020-02-10,0,0,0,0
2020-02-09,0,0,0,0
2020-02-08,0,0,0,0
2020-02-07,0,0,0,0
2020-02-06,0,0,0,0
2020-02-05,0,0,0,0